{
  "config": {
    "per_layer_g": true,
    "refractory_steps": 4
  },
  "runs": {
    "baseline": {
      "routing": {
        "kl_per_layer": [
          0.005930815342001556,
          0.004788325839689888,
          0.0007262480638454407,
          0.0012647632421757416
        ],
        "kl_max": 0.005930815342001556,
        "counts_pos": [
          [
            673997.0,
            636330.0,
            795656.0,
            518315.0,
            518251.0,
            139093.0
          ],
          [
            518610.0,
            517120.0,
            383023.0,
            551984.0,
            678742.0,
            632163.0
          ],
          [
            932001.0,
            594397.0,
            417153.0,
            583645.0,
            413062.0,
            341384.0
          ],
          [
            431898.0,
            533759.0,
            410417.0,
            997979.0,
            331063.0,
            576526.0
          ]
        ],
        "counts_neg": [
          [
            707874.0,
            674789.0,
            857580.0,
            435145.0,
            435006.0,
            148764.0
          ],
          [
            435532.0,
            454789.0,
            380894.0,
            594831.0,
            732745.0,
            660367.0
          ],
          [
            876865.0,
            597220.0,
            413676.0,
            606980.0,
            409289.0,
            355128.0
          ],
          [
            441259.0,
            520651.0,
            434103.0,
            945465.0,
            363009.0,
            554671.0
          ]
        ]
      },
      "g_norm": 0.0
    },
    "with_bias": {
      "routing": {
        "kl_per_layer": [
          0.010739555431746761,
          0.07734156734276726,
          0.014505860451149166,
          0.00916779016520836
        ],
        "kl_max": 0.07734156734276726,
        "counts_pos": [
          [
            328829.0,
            534584.0,
            1038758.0,
            517917.0,
            559909.0,
            301645.0
          ],
          [
            404036.0,
            494134.0,
            312136.0,
            499607.0,
            523441.0,
            1048288.0
          ],
          [
            359920.0,
            445059.0,
            428788.0,
            930606.0,
            498318.0,
            618951.0
          ],
          [
            549771.0,
            704752.0,
            356617.0,
            507091.0,
            533182.0,
            630229.0
          ]
        ],
        "counts_neg": [
          [
            270187.0,
            560772.0,
            1118509.0,
            434655.0,
            480026.0,
            395009.0
          ],
          [
            714727.0,
            224626.0,
            487363.0,
            476695.0,
            434643.0,
            921104.0
          ],
          [
            398238.0,
            379569.0,
            446078.0,
            873568.0,
            667844.0,
            493861.0
          ],
          [
            561618.0,
            643030.0,
            453861.0,
            470844.0,
            605516.0,
            524289.0
          ]
        ]
      },
      "g_norm": 0.420977920293808
    }
  },
  "summary": {
    "kl_ratio": 13.040629809368792,
    "baseline_kl": 0.005930815342001556,
    "with_bias_kl": 0.07734156734276726,
    "g_norm": 0.420977920293808,
    "verdict": "PASS"
  }
}