{
  "config": {
    "temp": 0.5,
    "per_layer_g": true,
    "refractory": 4
  },
  "runs": {
    "baseline": {
      "routing": {
        "kl_per_layer": [
          0.005447051904300889,
          0.002897143184598866,
          0.0015349418985998817,
          0.0026798474570836877
        ],
        "kl_max": 0.005447051904300889,
        "counts_pos": [
          [
            1125230.0,
            269081.0,
            272712.0,
            843392.0,
            241471.0,
            529756.0
          ],
          [
            676179.0,
            649001.0,
            575491.0,
            786950.0,
            306556.0,
            287465.0
          ],
          [
            400917.0,
            592914.0,
            389335.0,
            666489.0,
            727738.0,
            504249.0
          ],
          [
            331110.0,
            856304.0,
            737170.0,
            539445.0,
            388630.0,
            428983.0
          ]
        ],
        "counts_neg": [
          [
            1197214.0,
            281889.0,
            236297.0,
            896158.0,
            198512.0,
            449088.0
          ],
          [
            646673.0,
            584780.0,
            610277.0,
            839044.0,
            271212.0,
            307172.0
          ],
          [
            402319.0,
            610753.0,
            415054.0,
            599946.0,
            710363.0,
            520723.0
          ],
          [
            354291.0,
            789154.0,
            678299.0,
            556099.0,
            429159.0,
            452156.0
          ]
        ]
      },
      "g_norm": 0.0
    },
    "with_bias": {
      "routing": {
        "kl_per_layer": [
          0.015029556227398884,
          0.013148872453813572,
          0.0018427128065913248,
          0.002521161883284752
        ],
        "kl_max": 0.015029556227398884,
        "counts_pos": [
          [
            739090.0,
            720080.0,
            517921.0,
            424289.0,
            402571.0,
            477691.0
          ],
          [
            517078.0,
            400645.0,
            386912.0,
            381206.0,
            486409.0,
            1109392.0
          ],
          [
            390101.0,
            641856.0,
            565536.0,
            974664.0,
            358174.0,
            351311.0
          ],
          [
            540233.0,
            602430.0,
            420903.0,
            452370.0,
            507998.0,
            757708.0
          ]
        ],
        "counts_neg": [
          [
            789062.0,
            807839.0,
            434687.0,
            469886.0,
            433938.0,
            323746.0
          ],
          [
            440471.0,
            414942.0,
            474761.0,
            405592.0,
            346059.0,
            1177333.0
          ],
          [
            403680.0,
            613337.0,
            569283.0,
            918432.0,
            351358.0,
            403068.0
          ],
          [
            519937.0,
            538200.0,
            447340.0,
            489297.0,
            542926.0,
            721458.0
          ]
        ]
      },
      "g_norm": 0.2654430568218231
    }
  }
}