{
  "config": {
    "probe": "big_88pct",
    "kitchen_sink": true
  },
  "routing": {
    "kl_per_layer": [
      0.007543655453704265,
      0.005604335084546528,
      0.001411390796921876,
      0.002292740786011359
    ],
    "kl_max": 0.007543655453704265,
    "counts_pos": [
      [
        306665.0,
        1117068.0,
        238914.0,
        105420.0,
        519947.0,
        993628.0
      ],
      [
        677600.0,
        14954.0,
        545684.0,
        528588.0,
        908372.0,
        606444.0
      ],
      [
        883986.0,
        378130.0,
        537461.0,
        676255.0,
        307883.0,
        497927.0
      ],
      [
        801055.0,
        160649.0,
        867226.0,
        551396.0,
        455084.0,
        446232.0
      ]
    ],
    "counts_neg": [
      [
        281592.0,
        1187674.0,
        173930.0,
        126009.0,
        437631.0,
        1052322.0
      ],
      [
        691424.0,
        15581.0,
        451317.0,
        463502.0,
        980409.0,
        656925.0
      ],
      [
        822624.0,
        395028.0,
        575940.0,
        646399.0,
        314391.0,
        504776.0
      ],
      [
        731726.0,
        172995.0,
        819652.0,
        588401.0,
        490650.0,
        455734.0
      ]
    ]
  },
  "g_norm": 0.170767679810524
}